<?xml version="1.0" encoding="UTF-8"?>
<configuration>

    <include resource="org/springframework/boot/logging/logback/base.xml" />
    <logger name="org.springframework.web" level="ERROR" />

    <appender name="FILE" class="ch.qos.logback.core.rolling.RollingFileAppender">
        <!-- <file>C:/Users/zcz/git/transitOA/log/log.log</file> -->
        <file>D:/transitOA/log/log.log</file>
        <rollingPolicy class="ch.qos.logback.core.rolling.TimeBasedRollingPolicy">
            <!-- daily rollover -->
           <!--  <fileNamePattern>C:/Users/zcz/git/transitOA/log/log.%d{yyyy-MM-dd}.log</fileNamePattern> -->
            <fileNamePattern>D:/transitOA/log/log.%d{yyyy-MM-dd}.log</fileNamePattern>
            <!-- keep 30 days' worth of history -->
            <maxHistory>30</maxHistory>
        </rollingPolicy>
        <encoder>
            <pattern>${FILE_LOG_PATTERN}</pattern>
        </encoder>
    </appender>

    <root level="INFO">
        <appender-ref ref="CONSOLE" />
        <appender-ref ref="FILE" />
    </root>
</configuration>